<?xml version="1.0" encoding="UTF-8" ?>
<!DOCTYPE mapper
        PUBLIC "-//mybatis.org//DTD Mapper 3.0//EN"
        "http://mybatis.org/dtd/mybatis-3-mapper.dtd">
<mapper namespace="com.ohgiraffers.semi.product.model.dao.ProductMapper">

    <resultMap id="productResultMap" type="com.ohgiraffers.semi.product.model.dto.ProductDTO">
        <id property="productCode" column="product_code"/>
        <result property="productName" column="product_name"/>
        <result property="productPrice" column="product_price"/>
        <result property="productDescription" column="product_description"/>
        <result property="productOrderable" column="product_orderable"/>
        <result property="categoryCode" column="category_code"/>
        <result property="productImageUrl" column="product_image_url"/>
        <result property="productStock" column="product_stock"/>
    </resultMap>

    <!-- 상품 관련 공통 컬럼 -->
    <sql id="productColumns">
        p.product_code,
        p.product_name,
        p.product_price,
        p.product_description,
        p.product_orderable,
        p.category_code,
        p.product_image_url,
        p.product_stock
    </sql>

    <!-- 전체 상품 목록 조회 -->
    <select id="findAllProducts" resultMap="productResultMap">
        SELECT 
            <include refid="productColumns"/>
        FROM tbl_product p
        WHERE p.product_orderable = 'Y'
    </select>

    <!-- 카테고리별 상품 목록 조회 -->
    <select id="findProductsByCategory" resultMap="productResultMap">
        SELECT 
            <include refid="productColumns"/>
        FROM tbl_product p
        WHERE p.product_orderable = 'Y'
        AND p.category_code = (
            CASE #{category}
                WHEN 'food' THEN 1
                WHEN 'dessert' THEN 2
                WHEN 'drink' THEN 3
            END
        )
    </select>

    <!-- 상품 상세 조회 -->
    <select id="findProductByCode" resultMap="productResultMap">
        SELECT 
            <include refid="productColumns"/>
        FROM tbl_product p
        WHERE p.product_code = #{productCode}
        AND p.product_orderable = 'Y'
    </select>

    <!-- 카테고리 목록 조회 -->
    <select id="findAllCategories" resultType="com.ohgiraffers.semi.product.model.dto.CategoryDTO">
        SELECT
            category_code,
            category_name
        FROM tbl_category
        ORDER BY category_code
    </select>

    <!-- 상품 검색 -->
    <select id="searchProducts" resultMap="productResultMap">
        SELECT 
            <include refid="productColumns"/>
        FROM tbl_product p
        <where>
            p.product_orderable = 'Y'
            <if test="keyword != null and keyword != ''">
                AND (
                    p.product_name LIKE CONCAT('%', #{keyword}, '%')
                    OR p.product_description LIKE CONCAT('%', #{keyword}, '%')
                )
            </if>
        </where>
        ORDER BY p.product_code DESC
    </select>

    <select id="selectProductListWithPaging" resultMap="productResultMap">
        SELECT 
            <include refid="productColumns"/>
        FROM tbl_product p
        WHERE p.category_code = #{categoryCode}
        AND p.product_orderable = 'Y'
        ORDER BY p.product_code DESC
        LIMIT #{pagenation.size} OFFSET #{pagenation.offset}
    </select>

    <select id="selectTotalCount" resultType="int">
        SELECT COUNT(*)
        FROM tbl_product
        WHERE category_code = #{categoryCode}
    </select>

    <select id="selectAllProductsWithPaging" resultMap="productResultMap">
        SELECT 
            <include refid="productColumns"/>
        FROM tbl_product p
        WHERE p.product_orderable = 'Y'
        ORDER BY p.product_code DESC
        LIMIT #{size} OFFSET #{offset}
    </select>

    <select id="selectAllTotalCount" resultType="int">
        SELECT COUNT(*)
        FROM tbl_product
        WHERE product_orderable = 'Y'
    </select>

    <!-- 상품 등록 -->
    <insert id="insertProduct" parameterType="com.ohgiraffers.semi.product.model.dto.ProductDTO"
            useGeneratedKeys="true" keyProperty="productCode">
        INSERT INTO tbl_product
		(
            product_name,
            product_price,
            product_description,
            product_orderable,
            category_code,
            product_image_url,
            product_stock
        ) VALUES (
            #{productName},
            #{productPrice},
            #{productDescription},
            #{productOrderable},
            #{categoryCode},
            #{productImageUrl},
            #{productStock}
        )
    </insert>

    <!-- 상품 재고 업데이트 -->
    <update id="updateProductStock" parameterType="com.ohgiraffers.semi.product.model.dto.ProductDTO">
        UPDATE
			tbl_product
        SET
			product_stock = #{productStock}
        WHERE
			product_code = #{productCode}
    </update>

    <!-- 상품 수정 -->
    <update id="updateProduct" parameterType="com.ohgiraffers.semi.product.model.dto.ProductDTO">
        UPDATE
            tbl_product
        SET
            product_name = #{productName},
            product_price = #{productPrice},
            product_description = #{productDescription},
            category_code = #{categoryCode},
            product_stock = #{productStock}
            <if test="productImageUrl != null and productImageUrl != ''">
                , product_image_url = #{productImageUrl}
            </if>
        WHERE
            product_code = #{productCode}
    </update>

    <!-- 상품 삭제 -->
    <delete id="deleteProduct" parameterType="int">
        DELETE FROM 
            TBL_PRODUCT 
        WHERE 
            PRODUCT_CODE = #{productCode}
    </delete>
</mapper> 